number,hash,parent_hash,nonce,sha3_uncles,logs_bloom,transactions_root,state_root,receipts_root,miner,difficulty,total_difficulty,size,extra_data,gas_limit,gas_used,timestamp,transaction_count
9279543,0x3afa708ae65cb9e92cee5c9f8361cb0a83a43b5af162fda56b3e5a2cc9d16fb7,0x6ce53d3eec5930934e56226a77941aac2765d3ab0a90009edd4305b38a151b66,0x4e669f6007fd7b25,0x1dcc4de8dec75d7aab85b567b6ccd41ad312451b948a7413f0a142fd40d49347,0xc0100e022000f0080a026344422248a100cc4601fa18002c041004c40205004206cb02642180644000a8040300006100bb59200a3c20880905100a0924a012a0b5805c8004028014ec063c0f8884420442020d00a840a01725814204b84590481126050c0e22000001900002182158420c2b9400002c04200500377d002081004401054409113403980b08010211807118500c45c388a142d520209940103040521b70084844a4006e61158a0088000442140900c0542800012810811800108086080853814500571400620014f060800826230200e10021018020921200a48134552702004820084864c0248500ba0820040081010801eeb411081c00801ca0,0x7eebc48cc04c64c936e4b0bdee357068403f42e879134ffaa893cdc7fe93ddef,0x4336a9366ac77110d8bf677134adaffca38dd76cb0d975ff9d9f1921b2768cbd,0xec1552b06a3f28582b74737ab9054b6273fdc72ed187513ac98adca35886c958,0x652d38d814bcdf3e0f750a0faf272ee96c1f67ed,2090444672129587,13689818553002486473152,19214,0x706f6f6c696e2e636f6d,9911885,9845865,1579009698,96
9279544,0x8181b594a8c1006cadd39664ba47695d82cc6f06bf8efdd40df4ceda9da20a8a,0x3afa708ae65cb9e92cee5c9f8361cb0a83a43b5af162fda56b3e5a2cc9d16fb7,0xc8769ca01373c74d,0x1dcc4de8dec75d7aab85b567b6ccd41ad312451b948a7413f0a142fd40d49347,0x801508061050288280042201202a181a260053001409060e008120c00a980800200e032409212b1241144c01208201251308000a0f90030001809283246a8a44d20030114101c219c345004d020841044203000c3044a04010704a0c8a443040b01021280e0500100080002025a809a001521320102c0400100479744200640685004001403020025003042908040430184006410000106021b158d84819244052420400004000002445008219c49808020101cc60c3082820220030002c4500013c4842890208118110d0010120ea041800b240218a000fa218008209047ce0a05865211013003d11040002800090c528044800800004e00408418848104829,0xf54fba29413d739b139f797a12350ee0d53f82ba695e49146d29b2fc2b1ff978,0x576e7fe093e6b8ba546ae587145c4efb298f9da5c5b5f5866133d4488796b4d8,0x9fea50988aa38b387c129f9ff3e9071d85706c6d5605484161b5337b4ca25247,0x5a0b54d5dc17e0aadc383d2db43b0a0d3e029c4c,2090444672129588,13689820643447158602740,15289,0x5050594520737061726b706f6f6c2d6574682d636e2d687a31,9916629,8922018,1579009709,85
9279545,0x67d92d62c44d446722a33716dded5a1f710af43058301310f94f4e4c3d0981e2,0x8181b594a8c1006cadd39664ba47695d82cc6f06bf8efdd40df4ceda9da20a8a,0x00de94000d45f88c,0x1dcc4de8dec75d7aab85b567b6ccd41ad312451b948a7413f0a142fd40d49347,0x071232c0029ab2442002aa8c06214490035f0043f73c8a08087508288adc8088bac653a0e11de30202360431a0093b825059060877099583c4204a8854813000d90809328d4006300d8580a903085b2d6810e1031811e20b11405138020d00719406a00da347a2010007908804020c2004a452814bf8d1b801244319c040d5c8000408ce4100201711c11c108675a2448842064041801973d62a5222821c81800f9ea48810e03080275018a858b00090c0060884b0ec14e99805d0d310040148a8107213544d86d48302200202b8600a94007b054f0c8114018a42501d88a1c050e35411ac48520a08084d30d238820a40840a188010a4ac2a12420004981962,0xd5d4d324676a12ab896be7b5daf17235e97eb54f317c0f19bb80fff5f6c0a93b,0xd7081d4a77f212c935c745d2b3ec5d27d36b1f9ec8d73935b10811c02a3d46d2,0xc0a37f5fdd759375860c1b6626cf2f7a8481b3ed6791f4227ee5f9eab05a4cfc,0xb2930b35844a230f00e51431acae96fe543a0347,2090444672129589,13689822733891830732329,31862,0x66726132,9906972,9901625,1579009724,159
9279546,0xa7ba14964588e91ce42addb89d9d56f69ae77dafc74b6d777217665e74265a5f,0x67d92d62c44d446722a33716dded5a1f710af43058301310f94f4e4c3d0981e2,0xcdff0b7804b04735,0x1dcc4de8dec75d7aab85b567b6ccd41ad312451b948a7413f0a142fd40d49347,0x084106011000e0134240a6043440c0000810400104008829900100400600180690080120009000500100480110008303008a0e08440ad48120012200002202000102080809468e0000858c181400c80040458002101002000040e18420445042100001000a508000000440800300a81000c818020088000018020130004052104905180404462456b000401480200218004000600084000441081080401c0000560e040080100080440004a0408680810000000080110040003080003001004b00100022005600000404400000004020100042000018010400000086d0012004a010040088000410000040120212288000000800008200010400105880900045,0xaf6c1a27d6d050acefa30c983aab616dd21dc2631f802652cdbe36ff5d8b6fe1,0x72464ea8d744b1e8da5abdeb58585a63aa4161bb20176754778a57f979ea495a,0x605e815bc2cf1e54666deae606b5063ff6709163bc6700325de00bc5ed850c78,0x829bd824b016326a401d083b33d092293333a830,2090444672129590,13689824824336502861919,16193,0x7070796520e4b883e5bda9e7a59ee4bb99e9b1bc,9916645,4140531,1579009735,78
9279547,0xe4b53fafbe3e4cf5a6415479ec6dba7c8652969207de0689d9c1640090038e6b,0xa7ba14964588e91ce42addb89d9d56f69ae77dafc74b6d777217665e74265a5f,0xb96b432047914b9a,0x1dcc4de8dec75d7aab85b567b6ccd41ad312451b948a7413f0a142fd40d49347,0x9a3902cb1800b80a441023015150832c832621024e1804184ca44708124831622e4a8aa18a866c0a751b2021428e09165f5e40583f0b8ca32da10fc4042deb94de08c1c0e242202849c6226a035255e824134a4030c6222c20404bb5aa41605094458140ea3d2c801683c8a12ce02834501d1040188b04302f0809723240e52dd50106011100980250048622480424152068884d5380d141430633a100d04140e6176dc40066210500489aa0008ed01142008920b0c5c00951628021d9c0354e08200282290810bb819098d804310a6998837220a00808200000509f50023420b8102627d34801480c0804300018aa2c0a04a8108000a8c9a411590828d82c7c,0xaf0795222c77ce35ccbcdced259cb1e3b9608e81f208e5a0119467fabacdd070,0xf85a14bca20dec365fe208fe67af0e8b82e8db0a31f123df97621bd33ec00ac8,0x8eb12998121542057591f1b87894a54284cf239c5b05639e96825c1f21d00880,0xaa5c4244f05c92781c4f259913319d8ba1acf05e,2090444672129591,13689826914781174991510,23197,0x472f485a312f4254504f4f4c2f001d2abc,9906962,7936019,1579009744,137
9279548,0xb00ab6c0aa483f7fcb355adfd843de3b57ee28fd619271dd8a9b9399d6ec03f3,0xe4b53fafbe3e4cf5a6415479ec6dba7c8652969207de0689d9c1640090038e6b,0x34dc753815dd2923,0x1dcc4de8dec75d7aab85b567b6ccd41ad312451b948a7413f0a142fd40d49347,0xee5c0a80b058ba36c079f320e80a60dc1e550385b408d61e43c700c9dac31c227f283230b9e75e52211412014612198b32086878cf98a0ac80d0c39664b88f446040198a802182958d94884fa2a4f10c240aea0282142011d955e05c1f443830f65095144b66e0114e1072f804b048229a67d5b1304e4d78c868e57038707c94050d402d4a6e0532f54080218010d1799044ade959a3b246c11f52c4807f42dc565295180d4072a03ff535a1e1aab685000342a1a0ea2b2620b8409911095f07a0881eb223488a56ded8568121a64978182052320988930d003012823039a6a13458a4e39938234c18cc0869211ab245aa4e4c3093a2966a5419914cc9465066,0x2047bd51bfaa9ff653f4a15a6cd8b2bbce459b0863ddad08abdf11a2b1e569ec,0x90ec1505b3911033568dbb4cf0475ee3cbf4fb82ef094d1a47f29e680b18d4a5,0xc33d7b68625c7379eb12c8c3c6445a7e498731f52cc264a711aa31692455ad43,0x52bc44d5378309ee2abf1539bf71de1b7d7be3b5,2087382497316903,13689829002163672308413,36851,0x50505945206e616e6f706f6f6c2e6f7267,9897315,9893788,1579009783,204
9279549,0xf8b871c75f9a703a3903b66513522af2fb9897a612595c3220b561ea71a5da4b,0xb00ab6c0aa483f7fcb355adfd843de3b57ee28fd619271dd8a9b9399d6ec03f3,0xc703a0c000385184,0x1dcc4de8dec75d7aab85b567b6ccd41ad312451b948a7413f0a142fd40d49347,0x59f25280b1612654c2d406ba5c861a0e8b90f7785769b80420a94180ba4901a62e4947fc20c9608ac570cd513bfa99827a08cc0c0e26851aa400ca96f0a18e097614514cd6bee2307c979c4b2480f16424c368e22b6250720506fe1520c45829990d65042ae5c053c37e6484254038a09c702200880e882c14f7c77233446c70c4a058e24251a90a4c09841c8c00005f1299ec70608c8034014ed984c7122866ff8c2d3a982440000ad855a1b48115843154101af10af0190af1531028a204f011b01e0641850209ace0eb9092d5429d182573e284098fa8005800d9717aa28e2495e420920063490cd94caa940aaa8c08980c1193d86013140cb02e08db2cea,0x044d51ffb74cecfb4b4d6e0e5bcabc424ebf30a6f30ebd3fae0a264f912c1a47,0xc3bc57183bca71e560595c3c4ca80804abf5ab9ad9be36057ea8247fea12ead6,0xb57436715f8d6c4e5f62ff70f66f0a52e164d95830d25f5e4543011096bb8ac5,0xea674fdde714fd979de3edf0f56aa9716b898ec8,2087382497316904,13689831089546169625317,33861,0x505059452d65746865726d696e652d6575312d34,9906979,9904350,1579009796,158
9279550,0x5b98de6981f213835fc9723cf36bbe4e9cc2333a7cd6ac94065d39b5853fdce0,0xf8b871c75f9a703a3903b66513522af2fb9897a612595c3220b561ea71a5da4b,0xa9ff7bd5d18317c6,0x1dcc4de8dec75d7aab85b567b6ccd41ad312451b948a7413f0a142fd40d49347,0x182051809150a651699404c6c20050894100c4607451220424eb800406122095345b9a6208836c06c64150031052834c020082580c00652b020ce69a083c8e0009a008c012045d205bd5100a85100804a000c00067cca07045ecea1408506010100033040e8444710128428810a01a0b102a628c902b2828c316d735230600c05ac8d084444210078c004047849011d23a01e4f82181241049421282c37544200e2da19485c529c481584c984980e485b20010138118152ca3a8406e20263350941001064320826122084019a203402610086a6480c24400010020e1d0546001a15b2520003010044c080410076a3a6300860900924200000c10b84e4c1209ec,0x304e5152e651820067585103cda11509d3e61b9451f5be0b336e868826bb9b40,0x06c330491725f68ee24c84d028d9de7e7ed1e17c0cb0107c03a5a3c7fff3a4fe,0xd6106a7edbcadbbf45e94cc95834ca885faf13c67dab42970a5a6cd5606208d9,0x829bd824b016326a401d083b33d092293333a830,2086363267581887,13689833175909437207204,13834,0x7070796520e4b883e5bda9e7a59ee4bb99e9b1bc,9916652,6787703,1579009821,62
9279551,0xe8746158fa803c56cdc2ac9891af3d6c9742810020a01020da7833940395eadc,0x5b98de6981f213835fc9723cf36bbe4e9cc2333a7cd6ac94065d39b5853fdce0,0x5c8e22201e154759,0x1dcc4de8dec75d7aab85b567b6ccd41ad312451b948a7413f0a142fd40d49347,0x401829e811222850929272411210840c430080110f94231ba40000000283047107820020886462f020c4200382420110314820260908c0409500c6800428d9b4c8110500260100509f0604f802806100e11048110d002012000841002389608c940288468260018180342053442588224805100011284002066037dd39305498832417c90080b003410720a887000215220ab5fc5900914115021303097928420618510123c020e4884812a400c21c1240347a0ba142430801014044040c002016cb062221421b1090826400082040b1188072020130822501a04b161247280800d0041403028508842b02050022420c90816900035005680931320300894964,0xc38fd4ff9264c550e487892b1dce0f72db36f6b642bd2454e15618a0473c1ee9,0x94a658f5552b450caad3a072615c4ea883eb90b87dafc58107942d0f6e1978af,0x3fdcca14783f63ec54ebc8da296e0e5b187958e9c7d338d69a61e165364bfb6b,0x5a0b54d5dc17e0aadc383d2db43b0a0d3e029c4c,2086363267581888,13689835262272704789092,23308,0x5050594520737061726b706f6f6c2d6574682d636e2d687a32,9916911,9901251,1579009835,133
9279552,0xeac51800942cd267ee5b11fd9230887b936e41913a4f824ecfd6250e03fcd45f,0xe8746158fa803c56cdc2ac9891af3d6c9742810020a01020da7833940395eadc,0xb2c350f001555495,0x1dcc4de8dec75d7aab85b567b6ccd41ad312451b948a7413f0a142fd40d49347,0x51e602a08552ff0501c693e0d417ba8a10c80750b7d99f1620a3898e260865222c791b2120b0c8020f59ec076ab1ed094b09cc2a8f89841c856163d4b02bcb00290e594f0207623346b5a30a243247242cabca22906af0588905ea14a1c47811a62409038ee5a4630cf9c480905f1e9054ba02319a6f09080083c17434624514007118314165a5028481808f0446675f0c957c6540128037814e31c40733443d320671c42c64a600090adfb02194809fb8040481312b13481e9e11b226671331d0cc1e8e28a93828144ae21a028614871d002c03a4698d2c009205b0d1b5b50c341e6406fe8c36219f398598390b63858ad00d12b1f010681c0dbe28295f5005,0x9d1dc663ff00543d756e8288e03db91dce6b3acc30a8094ec7507f653a26df28,0x77521011e76c60674ec5fbb7aaa79bc5e0e63e6b747d57cbde79096c2350f25f,0x386e9389aa76a5a5ef9577c6f676712c20550436067b199e3552679dda1bb931,0xea674fdde714fd979de3edf0f56aa9716b898ec8,2085344535517641,13689837347617240306733,41328,0x505059452d65746865726d696e652d6575312d34,9926594,9915370,1579009856,197
9279553,0x5c1e1b6f74ca6e5cc2f946dad9be31416ab1452684ed671b40d87ae6c09cd195,0xeac51800942cd267ee5b11fd9230887b936e41913a4f824ecfd6250e03fcd45f,0x782e1654016b6132,0x1dcc4de8dec75d7aab85b567b6ccd41ad312451b948a7413f0a142fd40d49347,0x46320c448859a6654386e6c202da04b06130103b2798b0180460400893124910513398efe985cb640503096711220d5c5388bcc80383c5112a2c868038258000d08251060104c3084231161e04908ac06810dc9e6e6a0077c9cae954852c184010c20c0136019cc39d2c02811add49980200770801da0258192065567743d0804080360651a12006ad3dc17a84800c66f08175ea14f0125141cd11522b7942250f3f4494000d500086786db051e0afb8a0413065d0980a42462a48141aa05b5033901e264bf306464a19f6b8052220a030215f0cc800473b012a004230443060a0d344d58893090c5c34440431352b1114ad880795e0014050009b1429ba504e,0x62bf34b02c12a8810719235a4e8aca16e2cba9c4043cf02a5b196c392d74c886,0x384b30e250350376706d6e6702cf2c8b8fd679a50d6d3796b463ab5b7e5b4649,0x1b8e4db9a7ba9dae0b205869ff5f866991a99f6e206fd3359241747b52ac3849,0xea674fdde714fd979de3edf0f56aa9716b898ec8,2083308066244676,13689839430925306551409,33225,0x505059452d65746865726d696e652d6575312d38,9936286,9915872,1579009889,135
